{
  "ads_checked": 5,
  "users_checked": 1,
  "businesses_found": 0,
  "start_time": "2025-12-28T06:52:47.566524",
  "runtime_seconds": 12.049908,
  "runtime_hours": 0.003347196666666667,
  "users_per_hour": 298.75746769186946,
  "total_businesses_found": 15,
  "total_checked_users": 584
}